{"cameraMode":{"drawMode":0,"name":"Shaded","section":"Shading Mode"},"sceneLighting":false,"audioPlay":false,"sceneViewState":{"showFog":false,"showMaterialUpdate":false,"showSkybox":false,"showFlares":false,"showImageEffects":false,"showParticleSystems":false},"in2DMode":false,"pivot":{"x":0.013919747434556485,"y":0.05486120283603668,"z":-0.06371699273586273},"rotation":{"x":0.011761595495045185,"y":-0.9784172177314758,"z":0.19965411722660066,"w":0.05635501444339752},"size":2.000178813934326,"orthographic":false}