{"cameraMode":{"drawMode":0,"name":"Shaded","section":"Shading Mode"},"sceneLighting":false,"audioPlay":false,"sceneViewState":{"showFog":false,"showMaterialUpdate":false,"showSkybox":false,"showFlares":false,"showImageEffects":false,"showParticleSystems":false},"in2DMode":false,"pivot":{"x":-0.1144198328256607,"y":-0.0736469179391861,"z":-0.40060341358184817},"rotation":{"x":-0.04841523617506027,"y":-0.324880987405777,"z":0.016985373571515085,"w":-0.9447533488273621},"size":2.696091890335083,"orthographic":false}