{"cameraMode":{"drawMode":0,"name":"Shaded","section":"Shading Mode"},"sceneLighting":false,"audioPlay":false,"sceneViewState":{"showFog":false,"showMaterialUpdate":false,"showSkybox":false,"showFlares":false,"showImageEffects":false,"showParticleSystems":false},"in2DMode":false,"pivot":{"x":0.1002308577299118,"y":0.007759529165923595,"z":29.874120712280275},"rotation":{"x":-0.08891318738460541,"y":-0.16328991949558259,"z":0.015254317782819271,"w":-0.9827161431312561},"size":2.612474203109741,"orthographic":false}