{"cameraMode":{"drawMode":0,"name":"Shaded","section":"Shading Mode"},"sceneLighting":false,"audioPlay":false,"sceneViewState":{"showFog":false,"showMaterialUpdate":false,"showSkybox":false,"showFlares":false,"showImageEffects":false,"showParticleSystems":false},"in2DMode":false,"pivot":{"x":0.07593628019094467,"y":0.06316548585891724,"z":-0.4048197865486145},"rotation":{"x":0.34561604261398318,"y":-0.004044076427817345,"z":0.001200930797494948,"w":0.9386207461357117},"size":2.000178813934326,"orthographic":false}