{"cameraMode":{"drawMode":0,"name":"Shaded","section":"Shading Mode"},"sceneLighting":false,"audioPlay":false,"sceneViewState":{"showFog":false,"showMaterialUpdate":false,"showSkybox":false,"showFlares":false,"showImageEffects":false,"showParticleSystems":false},"in2DMode":false,"pivot":{"x":0.07332054525613785,"y":-0.08643533289432526,"z":30.247426986694337},"rotation":{"x":0.0010123529937118292,"y":0.9967164993286133,"z":-0.08122331649065018,"w":0.013764687813818455},"size":1.7250151634216309,"orthographic":false}