{"cameraMode":{"drawMode":0,"name":"Shaded","section":"Shading Mode"},"sceneLighting":false,"audioPlay":false,"sceneViewState":{"showFog":false,"showMaterialUpdate":false,"showSkybox":false,"showFlares":false,"showImageEffects":false,"showParticleSystems":false},"in2DMode":false,"pivot":{"x":0.20222395658493043,"y":-0.010273883119225502,"z":29.907249450683595},"rotation":{"x":0.18223018944263459,"y":0.028298644348978998,"z":-0.005484293214976788,"w":0.9829893112182617},"size":2.0402090549468996,"orthographic":false}