{"cameraMode":{"drawMode":0,"name":"Shaded","section":"Shading Mode"},"sceneLighting":false,"audioPlay":false,"sceneViewState":{"showFog":false,"showMaterialUpdate":false,"showSkybox":false,"showFlares":false,"showImageEffects":false,"showParticleSystems":false},"in2DMode":false,"pivot":{"x":-0.22386649250984193,"y":0.5017510652542114,"z":4.337728977203369},"rotation":{"x":0.0018289333675056697,"y":-0.046202152967453,"z":-0.00037311878986656666,"w":0.9991754293441773},"size":1.7350890636444092,"orthographic":false}