{"cameraMode":{"drawMode":0,"name":"Shaded","section":"Shading Mode"},"sceneLighting":false,"audioPlay":false,"sceneViewState":{"showFog":false,"showMaterialUpdate":false,"showSkybox":false,"showFlares":false,"showImageEffects":false,"showParticleSystems":false},"in2DMode":false,"pivot":{"x":-0.12017822265625,"y":0.3885817229747772,"z":-0.7497843503952026},"rotation":{"x":-0.13307572901248933,"y":-0.46811509132385256,"z":0.07193367183208466,"w":-0.8709701895713806},"size":2.1868677139282228,"orthographic":false}