{"cameraMode":{"drawMode":0,"name":"Shaded","section":"Shading Mode"},"sceneLighting":false,"audioPlay":false,"sceneViewState":{"showFog":false,"showMaterialUpdate":false,"showSkybox":false,"showFlares":false,"showImageEffects":false,"showParticleSystems":false},"in2DMode":false,"pivot":{"x":-1.0387446880340577,"y":0.355683296918869,"z":29.57917022705078},"rotation":{"x":0.14480920135974885,"y":0.16132333874702454,"z":-0.02407221682369709,"w":0.9760554432868958},"size":1.8710274696350098,"orthographic":false}