{"cameraMode":{"drawMode":0,"name":"Shaded","section":"Shading Mode"},"sceneLighting":false,"audioPlay":false,"sceneViewState":{"showFog":false,"showMaterialUpdate":false,"showSkybox":false,"showFlares":false,"showImageEffects":false,"showParticleSystems":false},"in2DMode":false,"pivot":{"x":0.05284707620739937,"y":0.09839122742414475,"z":29.952728271484376},"rotation":{"x":0.06462031602859497,"y":-0.06999155879020691,"z":0.004435387440025806,"w":0.9955667853355408},"size":4.140210151672363,"orthographic":false}