{"cameraMode":{"drawMode":0,"name":"Shaded","section":"Shading Mode"},"sceneLighting":true,"audioPlay":false,"sceneViewState":{"showFog":true,"showMaterialUpdate":false,"showSkybox":true,"showFlares":true,"showImageEffects":true,"showParticleSystems":true},"in2DMode":false,"pivot":{"x":54.40099334716797,"y":383.56573486328127,"z":-1.4708410501480103},"rotation":{"x":-0.143097385764122,"y":-0.2201143205165863,"z":0.032661695033311847,"w":-0.9643689393997192},"size":164.82861328125,"orthographic":false}